#feat_name,source_int,mapped_int,source_id,mapped_id,source_length,mapped_length,source_start,source_stop,source_strand,source_sub_start,source_sub_stop,mapped_start,mapped_stop,mapped_strand,coverage,recip,asm_unit
Line:1,1,1,NW_022145506,NW_003579082.1,1,1,30745,30745,+,30745,30745,95920,95920,+,1,First Pass,Primary Assembly
Line:2,1,NULL,NW_022145553,NULL,1,NULL,408528,408528,+,NOMAP,ALIGNGAP,,,,,,
Line:3,1,NULL,NW_022145553,NULL,1,NULL,408540,408540,+,NOMAP,ALIGNGAP,,,,,,
Line:4,1,1,NW_022145562,NW_003577770.1,1,1,26249,26249,+,26249,26249,15135,15135,-,1,First Pass,Primary Assembly
Line:5,1,1,NW_022145565,NW_003577505.1,1,1,426412,426412,+,426412,426412,663493,663493,-,1,First Pass,Primary Assembly
Line:6,1,1,NW_022145594,NW_003577428.1,1,1,1315546,1315546,+,1315546,1315546,242054,242054,-,1,First Pass,Primary Assembly
Line:7,1,1,NW_022145594,NW_003582212.1,1,1,4144891,4144891,+,4144891,4144891,3609,3609,+,1,First Pass,Primary Assembly
Line:8,1,1,NW_022145594,NW_003578148.1,1,1,4279146,4279146,+,4279146,4279146,68598,68598,+,1,First Pass,Primary Assembly
Line:9,1,1,NW_022145594,NW_003577470.1,1,1,6918161,6918161,+,6918161,6918161,450275,450275,+,1,First Pass,Primary Assembly
Line:10,1,1,NW_022145594,NW_003580785.1,1,1,8391771,8391771,+,8391771,8391771,24943,24943,+,1,First Pass,Primary Assembly
Line:11,1,1,NW_022145594,NW_003577759.1,1,1,12217036,12217036,+,12217036,12217036,162173,162173,+,1,First Pass,Primary Assembly
Line:12,1,1,NW_022145594,NW_003577759.1,1,1,12217053,12217053,+,12217053,12217053,162190,162190,+,1,First Pass,Primary Assembly
Line:13,1,1,NW_022145594,NW_003577759.1,1,1,12219706,12219706,+,12219706,12219706,164849,164849,+,1,First Pass,Primary Assembly
Line:14,1,1,NW_022145594,NW_003579280.1,1,1,17439405,17439405,+,17439405,17439405,75800,75800,+,1,First Pass,Primary Assembly
Line:15,1,1,NW_022145594,NW_003579280.1,1,1,17439459,17439459,+,17439459,17439459,75854,75854,+,1,First Pass,Primary Assembly
Line:16,1,1,NW_022145594,NW_003579280.1,1,1,17439480,17439480,+,17439480,17439480,75875,75875,+,1,First Pass,Primary Assembly
Line:17,1,NULL,NW_022145594,NULL,1,NULL,27758462,27758462,+,NOMAP,ALIGNGAP,,,,,,
Line:18,1,1,NW_022145594,NW_003577798.1,1,1,44596662,44596662,+,44596662,44596662,287532,287532,-,1,First Pass,Primary Assembly
Line:19,1,1,NW_022145594,NW_003577041.1,1,1,49498853,49498853,+,49498853,49498853,459808,459808,-,1,First Pass,Primary Assembly
Line:20,1,1,NW_022145594,NW_003579715.1,1,1,49946372,49946372,+,49946372,49946372,22000,22000,-,1,First Pass,Primary Assembly
Line:21,1,1,NW_022145594,NW_003579715.1,1,1,49946401,49946401,+,49946401,49946401,21971,21971,-,1,First Pass,Primary Assembly
Line:22,1,1,NW_022145594,NW_003577863.1,1,1,50305062,50305062,+,50305062,50305062,104298,104298,-,1,First Pass,Primary Assembly
Line:23,1,1,NW_022145594,NW_003577863.1,1,1,50367795,50367795,+,50367795,50367795,64905,64905,-,1,First Pass,Primary Assembly
Line:24,1,1,NW_022145594,NW_003577863.1,1,1,50370780,50370780,+,50370780,50370780,61920,61920,-,1,First Pass,Primary Assembly
Line:25,1,1,NW_022145594,NW_003577116.1,1,1,50382637,50382637,+,50382637,50382637,6825,6825,+,1,First Pass,Primary Assembly
Line:25,1,2,NW_022145594,NW_003577070.1,1,1,50382637,50382637,+,50382637,50382637,16991,16991,-,1,Second Pass,Primary Assembly
Line:26,1,1,NW_022145594,NW_003577116.1,1,1,50386073,50386073,+,50386073,50386073,13462,13462,+,1,Second Pass,Primary Assembly
Line:26,1,2,NW_022145594,NW_003577116.1,1,1,50386073,50386073,+,50386073,50386073,10272,10272,+,1,First Pass,Primary Assembly
Line:27,1,1,NW_022145594,NW_003578716.1,1,1,51599445,51599445,+,51599445,51599445,83545,83545,+,1,First Pass,Primary Assembly
Line:28,1,1,NW_022145594,NW_003577851.1,1,1,51969641,51969641,+,51969641,51969641,43179,43179,+,1,First Pass,Primary Assembly
Line:29,1,1,NW_022145594,NW_003577851.1,1,1,51973958,51973958,+,51973958,51973958,47891,47891,+,1,First Pass,Primary Assembly
Line:30,1,1,NW_022145595,NW_003577446.1,1,1,4197375,4197375,+,4197375,4197375,158417,158417,+,1,First Pass,Primary Assembly
Line:31,1,1,NW_022145595,NW_003577042.1,1,1,5169351,5169351,+,5169351,5169351,626626,626626,+,1,First Pass,Primary Assembly
Line:32,1,1,NW_022145595,NW_003579170.1,1,1,12910697,12910697,+,12910697,12910697,167637,167637,-,1,First Pass,Primary Assembly
Line:33,1,1,NW_022145595,NW_003579494.1,1,1,12982866,12982866,+,12982866,12982866,17388,17388,-,1,First Pass,Primary Assembly
Line:34,1,1,NW_022145595,NW_003579494.1,1,1,12983603,12983603,+,12983603,12983603,16653,16653,-,1,First Pass,Primary Assembly
Line:35,1,1,NW_022145595,NW_003581070.1,1,1,14212769,14212769,+,14212769,14212769,36833,36833,-,1,First Pass,Primary Assembly
Line:36,1,1,NW_022145595,NW_003581070.1,1,1,14212796,14212796,+,14212796,14212796,36807,36807,-,1,First Pass,Primary Assembly
Line:37,1,1,NW_022145595,NW_003577423.1,1,1,25872147,25872147,+,25872147,25872147,490571,490571,+,1,First Pass,Primary Assembly
Line:38,1,1,NW_022145595,NW_003577195.1,1,1,27000629,27000629,+,27000629,27000629,147226,147226,-,1,First Pass,Primary Assembly
Line:39,1,1,NW_022145596,NW_003577135.1,1,1,1332177,1332177,+,1332177,1332177,300456,300456,-,1,First Pass,Primary Assembly
Line:40,1,1,NW_022145596,NW_003577135.1,1,1,1332187,1332187,+,1332187,1332187,300446,300446,-,1,First Pass,Primary Assembly
Line:41,1,1,NW_022145596,NW_003577135.1,1,1,1332867,1332867,+,1332867,1332867,299754,299754,-,1,First Pass,Primary Assembly
Line:42,1,NULL,NW_022145596,NULL,1,NULL,1332890,1332890,+,NOMAP,ALIGNGAP,,,,,,
Line:43,1,1,NW_022145596,NW_003577147.1,1,1,10881586,10881586,+,10881586,10881586,90512,90512,-,1,First Pass,Primary Assembly
Line:44,1,1,NW_022145596,NW_003577147.1,1,1,10881779,10881779,+,10881779,10881779,90319,90319,-,1,First Pass,Primary Assembly
Line:45,1,1,NW_022145596,NW_003577147.1,1,1,10885044,10885044,+,10885044,10885044,94749,94749,-,1,Second Pass,Primary Assembly
Line:45,1,2,NW_022145596,NW_003577147.1,1,1,10885044,10885044,+,10885044,10885044,87054,87054,-,1,First Pass,Primary Assembly
Line:46,1,1,NW_022145596,NW_003577092.1,1,1,11179796,11179796,+,11179796,11179796,247263,247263,-,1,First Pass,Primary Assembly
Line:47,1,1,NW_022145596,NW_003577092.1,1,1,11180102,11180102,+,11180102,11180102,246957,246957,-,1,First Pass,Primary Assembly
Line:48,1,1,NW_022145596,NW_003578601.1,1,1,14516803,14516803,+,14516803,14516803,222449,222449,-,1,First Pass,Primary Assembly
Line:49,1,1,NW_022145596,NW_003576991.1,1,1,27831176,27831176,+,27831176,27831176,921264,921264,+,1,First Pass,Primary Assembly
Line:50,1,1,NW_022145596,NW_003578186.1,1,1,30671324,30671324,+,30671324,30671324,111612,111612,-,1,Second Pass,Primary Assembly
Line:51,1,1,NW_022145596,NW_003578011.1,1,1,30756336,30756336,+,30756336,30756336,5767,5767,+,1,First Pass,Primary Assembly
Line:52,1,1,NW_022145596,NW_003578011.1,1,1,30756340,30756340,+,30756340,30756340,5771,5771,+,1,First Pass,Primary Assembly
Line:53,1,1,NW_022145596,NW_003578603.1,1,1,31686579,31686579,+,31686579,31686579,154083,154083,-,1,First Pass,Primary Assembly
Line:54,1,NULL,NW_022145596,NULL,1,NULL,33190171,33190171,+,NOMAP,ALIGNGAP,,,,,,
Line:55,1,1,NW_022145597,NW_003576984.1,1,1,361623,361623,+,361623,361623,202900,202900,+,1,First Pass,Primary Assembly
Line:56,1,1,NW_022145597,NW_003576984.1,1,1,362048,362048,+,362048,362048,203312,203312,+,1,First Pass,Primary Assembly
Line:57,1,1,NW_022145597,NW_003578719.1,1,1,2519835,2519835,+,2519835,2519835,9620,9620,-,1,First Pass,Primary Assembly
Line:57,1,2,NW_022145597,NW_003577710.1,1,1,2519835,2519835,+,2519835,2519835,98057,98057,-,1,Second Pass,Primary Assembly
Line:58,1,1,NW_022145597,NW_003578562.1,1,1,3130043,3130043,+,3130043,3130043,100837,100837,+,1,First Pass,Primary Assembly
Line:59,1,1,NW_022145597,NW_003577215.1,1,1,9522862,9522862,+,9522862,9522862,753440,753440,+,1,First Pass,Primary Assembly
Line:60,1,1,NW_022145597,NW_003577101.1,1,1,16730877,16730877,+,16730877,16730877,604699,604699,+,1,Second Pass,Primary Assembly
Line:60,1,2,NW_022145597,NW_003577078.1,1,1,16730877,16730877,+,16730877,16730877,129823,129823,+,1,First Pass,Primary Assembly
Line:61,1,1,NW_022145597,NW_003578514.1,1,1,16798287,16798287,+,16798287,16798287,153356,153356,+,1,First Pass,Primary Assembly
Line:61,1,2,NW_022145597,NW_003577101.1,1,1,16798287,16798287,+,16798287,16798287,546068,546068,-,1,Second Pass,Primary Assembly
Line:62,1,1,NW_022145597,NW_003578514.1,1,1,16805122,16805122,+,16805122,16805122,160178,160178,+,1,First Pass,Primary Assembly
Line:63,1,1,NW_022145597,NW_003577041.1,1,1,18074446,18074446,+,18074446,18074446,279489,279489,+,1,First Pass,Primary Assembly
Line:64,1,1,NW_022145597,NW_003578622.1,1,1,18094045,18094045,+,18094045,18094045,53899,53899,-,1,Second Pass,Primary Assembly
Line:65,1,1,NW_022145597,NW_003577507.1,1,1,21308517,21308517,+,21308517,21308517,333945,333945,+,1,First Pass,Primary Assembly
Line:66,1,1,NW_022145597,NW_003579244.1,1,1,22289775,22289775,+,22289775,22289775,3661,3661,+,1,Second Pass,Primary Assembly
Line:66,1,2,NW_022145597,NW_003577035.1,1,1,22289775,22289775,+,22289775,22289775,577435,577435,+,1,First Pass,Primary Assembly
Line:67,1,1,NW_022145597,NW_003579244.1,1,1,22330948,22330948,+,22330948,22330948,54976,54976,+,1,First Pass,Primary Assembly
Line:68,1,1,NW_022145597,NW_003577013.1,1,1,24763302,24763302,+,24763302,24763302,369427,369427,-,1,First Pass,Primary Assembly
Line:69,1,1,NW_022145597,NW_003577225.1,1,1,25089883,25089883,+,25089883,25089883,464133,464133,-,1,First Pass,Primary Assembly
Line:70,1,1,NW_022145597,NW_003577225.1,1,1,25090002,25090002,+,25090002,25090002,464011,464011,-,1,First Pass,Primary Assembly
Line:71,1,1,NW_022145597,NW_003577225.1,1,1,25090381,25090381,+,25090381,25090381,463637,463637,-,1,First Pass,Primary Assembly
Line:72,1,1,NW_022145597,NW_003577225.1,1,1,25090382,25090382,+,25090382,25090382,463636,463636,-,1,First Pass,Primary Assembly
Line:73,1,1,NW_022145597,NW_003577225.1,1,1,25090385,25090385,+,25090385,25090385,463633,463633,-,1,First Pass,Primary Assembly
Line:74,1,1,NW_022145597,NW_003577225.1,1,1,25095252,25095252,+,25095252,25095252,458753,458753,-,1,First Pass,Primary Assembly
Line:75,1,1,NW_022145597,NW_003577055.1,1,1,25972863,25972863,+,25972863,25972863,477949,477949,-,1,First Pass,Primary Assembly
Line:76,1,1,NW_022145597,NW_003576972.1,1,1,26884048,26884048,+,26884048,26884048,829618,829618,+,1,Second Pass,Primary Assembly
Line:77,1,1,NW_022145597,NW_003578180.1,1,1,28792682,28792682,+,28792682,28792682,57493,57493,-,1,First Pass,Primary Assembly
Line:78,1,1,NW_022145597,NW_003578390.1,1,1,31920037,31920037,+,31920037,31920037,44891,44891,-,1,First Pass,Primary Assembly
Line:79,1,NULL,NW_022145597,NULL,1,NULL,33856105,33856105,+,NOMAP,ALIGNGAP,,,,,,
Line:80,1,1,NW_022145598,NW_003578139.1,1,1,747443,747443,+,747443,747443,305732,305732,-,1,First Pass,Primary Assembly
Line:81,1,1,NW_022145598,NW_003578139.1,1,1,747537,747537,+,747537,747537,305638,305638,-,1,First Pass,Primary Assembly
Line:82,1,1,NW_022145598,NW_003578139.1,1,1,747606,747606,+,747606,747606,305569,305569,-,1,First Pass,Primary Assembly
Line:83,1,1,NW_022145598,NW_003578139.1,1,1,747980,747980,+,747980,747980,305195,305195,-,1,First Pass,Primary Assembly
Line:84,1,NULL,NW_022145598,NULL,1,NULL,3216210,3216210,+,NOMAP,ALIGNGAP,,,,,,
Line:85,1,NULL,NW_022145598,NULL,1,NULL,3273176,3273176,+,NOMAP,ALIGNGAP,,,,,,
Line:86,1,NULL,NW_022145598,NULL,1,NULL,4723484,4723484,+,NOMAP,ALIGNGAP,,,,,,
Line:87,1,NULL,NW_022145598,NULL,1,NULL,4981644,4981644,+,NOMAP,ALIGNGAP,,,,,,
Line:88,1,NULL,NW_022145598,NULL,1,NULL,4982032,4982032,+,NOMAP,ALIGNGAP,,,,,,
Line:89,1,NULL,NW_022145598,NULL,1,NULL,4982095,4982095,+,NOMAP,ALIGNGAP,,,,,,
Line:90,1,1,NW_022145598,NW_003578634.1,1,1,8267281,8267281,+,8267281,8267281,118463,118463,-,1,First Pass,Primary Assembly
Line:91,1,1,NW_022145598,NW_003579912.1,1,1,8420248,8420248,+,8420248,8420248,42120,42120,+,1,First Pass,Primary Assembly
Line:92,1,1,NW_022145598,NW_003579912.1,1,1,8420262,8420262,+,8420262,8420262,42134,42134,+,1,First Pass,Primary Assembly
Line:93,1,1,NW_022145598,NW_003578047.1,1,1,14544249,14544249,+,14544249,14544249,55548,55548,+,1,First Pass,Primary Assembly
Line:93,1,2,NW_022145598,NW_003577293.1,1,1,14544249,14544249,+,14544249,14544249,461390,461390,+,1,Second Pass,Primary Assembly
Line:94,1,1,NW_022145598,NW_003578047.1,1,1,14544491,14544491,+,14544491,14544491,55789,55789,+,1,First Pass,Primary Assembly
Line:94,1,2,NW_022145598,NW_003577293.1,1,1,14544491,14544491,+,14544491,14544491,461629,461629,+,1,Second Pass,Primary Assembly
Line:95,1,1,NW_022145598,NW_003580229.1,1,1,14604934,14604934,+,14604934,14604934,50884,50884,-,1,Second Pass,Primary Assembly
Line:95,1,2,NW_022145598,NW_003579989.1,1,1,14604934,14604934,+,14604934,14604934,95888,95888,-,1,First Pass,Primary Assembly
Line:96,1,1,NW_022145598,NW_003577012.1,1,1,19306191,19306191,+,19306191,19306191,554068,554068,-,1,First Pass,Primary Assembly
Line:97,1,1,NW_022145598,NW_003577196.1,1,1,23914840,23914840,+,23914840,23914840,366114,366114,+,1,First Pass,Primary Assembly
Line:98,1,1,NW_022145598,NW_003578286.1,1,1,26830543,26830543,+,26830543,26830543,208767,208767,-,1,First Pass,Primary Assembly
Line:99,1,1,NW_022145598,NW_003578286.1,1,1,26969815,26969815,+,26969815,26969815,56124,56124,-,1,First Pass,Primary Assembly
Line:100,1,1,NW_022145598,NW_003578286.1,1,1,26983651,26983651,+,26983651,26983651,42286,42286,-,1,First Pass,Primary Assembly
Line:101,1,1,NW_022145599,NW_003579856.1,1,1,383093,383093,+,383093,383093,51477,51477,+,1,First Pass,Primary Assembly
Line:101,1,2,NW_022145599,NW_003578969.1,1,1,383093,383093,+,383093,383093,64470,64470,+,1,Second Pass,Primary Assembly
Line:102,1,1,NW_022145599,NW_003579856.1,1,1,383099,383099,+,383099,383099,51483,51483,+,1,First Pass,Primary Assembly
Line:102,1,2,NW_022145599,NW_003578969.1,1,1,383099,383099,+,383099,383099,64476,64476,+,1,Second Pass,Primary Assembly
Line:103,1,1,NW_022145599,NW_003579856.1,1,1,383562,383562,+,383562,383562,51946,51946,+,1,First Pass,Primary Assembly
Line:103,1,2,NW_022145599,NW_003578969.1,1,1,383562,383562,+,383562,383562,64939,64939,+,1,Second Pass,Primary Assembly
Line:104,1,1,NW_022145599,NW_003579856.1,1,1,383630,383630,+,383630,383630,52014,52014,+,1,First Pass,Primary Assembly
Line:104,1,2,NW_022145599,NW_003578969.1,1,1,383630,383630,+,383630,383630,65007,65007,+,1,Second Pass,Primary Assembly
Line:105,1,1,NW_022145599,NW_003577388.1,1,1,1758654,1758654,+,1758654,1758654,4517,4517,-,1,First Pass,Primary Assembly
Line:106,1,1,NW_022145599,NW_003577198.1,1,1,2295091,2295091,+,2295091,2295091,104461,104461,+,1,First Pass,Primary Assembly
Line:107,1,1,NW_022145599,NW_003577177.1,1,1,2676184,2676184,+,2676184,2676184,251871,251871,+,1,First Pass,Primary Assembly
Line:108,1,1,NW_022145599,NW_003578145.1,1,1,4893244,4893244,+,4893244,4893244,45579,45579,-,1,First Pass,Primary Assembly
Line:109,1,NULL,NW_022145599,NULL,1,NULL,4914312,4914312,+,NOMAP,ALIGNGAP,,,,,,
Line:110,1,1,NW_022145599,NW_003578137.1,1,1,5309420,5309420,+,5309420,5309420,165543,165543,+,1,First Pass,Primary Assembly
Line:111,1,1,NW_022145599,NW_003577580.1,1,1,6697977,6697977,+,6697977,6697977,33903,33903,-,1,First Pass,Primary Assembly
Line:112,1,1,NW_022145599,NW_003578034.1,1,1,11324480,11324480,+,11324480,11324480,191885,191885,-,1,First Pass,Primary Assembly
Line:113,1,1,NW_022145599,NW_003578034.1,1,1,11324501,11324501,+,11324501,11324501,191864,191864,-,1,First Pass,Primary Assembly
Line:114,1,1,NW_022145599,NW_003580720.1,1,1,12494706,12494706,+,12494706,12494706,41590,41590,-,1,First Pass,Primary Assembly
Line:115,1,1,NW_022145599,NW_003576970.1,1,1,22054936,22054936,+,22054936,22054936,1292917,1292917,+,1,Second Pass,Primary Assembly
Line:115,1,2,NW_022145599,NW_003576970.1,1,1,22054936,22054936,+,22054936,22054936,1338564,1338564,+,1,Second Pass,Primary Assembly
Line:115,1,3,NW_022145599,NW_003576970.1,1,1,22054936,22054936,+,22054936,22054936,1313535,1313535,+,1,First Pass,Primary Assembly
Line:116,1,1,NW_022145599,NW_003576970.1,1,1,22055191,22055191,+,22055191,22055191,1293172,1293172,+,1,Second Pass,Primary Assembly
Line:116,1,2,NW_022145599,NW_003576970.1,1,1,22055191,22055191,+,22055191,22055191,1338819,1338819,+,1,Second Pass,Primary Assembly
Line:116,1,3,NW_022145599,NW_003576970.1,1,1,22055191,22055191,+,22055191,22055191,1313790,1313790,+,1,First Pass,Primary Assembly
Line:117,1,1,NW_022145599,NW_003578587.1,1,1,22543991,22543991,+,22543991,22543991,89289,89289,-,1,Second Pass,Primary Assembly
Line:117,1,2,NW_022145599,NW_003578307.1,1,1,22543991,22543991,+,22543991,22543991,8946,8946,-,1,First Pass,Primary Assembly
Line:118,1,1,NW_022145599,NW_003578587.1,1,1,22544314,22544314,+,22544314,22544314,88966,88966,-,1,Second Pass,Primary Assembly
Line:118,1,2,NW_022145599,NW_003578307.1,1,1,22544314,22544314,+,22544314,22544314,8623,8623,-,1,First Pass,Primary Assembly
Line:119,1,1,NW_022145599,NW_003578587.1,1,1,22545245,22545245,+,22545245,22545245,88036,88036,-,1,First Pass,Primary Assembly
Line:119,1,2,NW_022145599,NW_003578307.1,1,1,22545245,22545245,+,22545245,22545245,7693,7693,-,1,Second Pass,Primary Assembly
Line:120,1,NULL,NW_022145599,NULL,1,NULL,25471870,25471870,+,NOMAP,ALIGNGAP,,,,,,
Line:121,1,1,NW_022145599,NW_003577275.1,1,1,27230810,27230810,+,27230810,27230810,118062,118062,-,1,First Pass,Primary Assembly
Line:122,1,1,NW_022145599,NW_003577275.1,1,1,27231210,27231210,+,27231210,27231210,117662,117662,-,1,First Pass,Primary Assembly
Line:123,1,1,NW_022145599,NW_003582276.1,1,1,30120540,30120540,+,30120540,30120540,15503,15503,-,1,Second Pass,Primary Assembly
Line:123,1,2,NW_022145599,NW_003578883.1,1,1,30120540,30120540,+,30120540,30120540,107686,107686,+,1,First Pass,Primary Assembly
Line:124,1,1,NW_022145599,NW_003577289.1,1,1,30297566,30297566,+,30297566,30297566,349956,349956,+,1,First Pass,Primary Assembly
Line:125,1,1,NW_022145599,NW_003577289.1,1,1,30328543,30328543,+,30328543,30328543,379445,379445,+,1,First Pass,Primary Assembly
Line:126,1,1,NW_022145599,NW_003577289.1,1,1,30328556,30328556,+,30328556,30328556,379458,379458,+,1,First Pass,Primary Assembly
Line:127,1,1,NW_022145599,NW_003577289.1,1,1,30328562,30328562,+,30328562,30328562,379464,379464,+,1,First Pass,Primary Assembly
Line:128,1,1,NW_022145600,NW_003578608.1,1,1,807174,807174,+,807174,807174,245160,245160,+,1,First Pass,Primary Assembly
Line:129,1,1,NW_022145600,NW_003578395.1,1,1,1916276,1916276,+,1916276,1916276,36227,36227,+,1,First Pass,Primary Assembly
Line:130,1,1,NW_022145600,NW_003578395.1,1,1,1916857,1916857,+,1916857,1916857,36832,36832,+,1,First Pass,Primary Assembly
Line:131,1,1,NW_022145600,NW_003578395.1,1,1,1916889,1916889,+,1916889,1916889,36864,36864,+,1,First Pass,Primary Assembly
Line:132,1,1,NW_022145600,NW_003578441.1,1,1,1924481,1924481,+,1924481,1924481,40350,40350,+,1,Second Pass,Primary Assembly
Line:132,1,2,NW_022145600,NW_003578395.1,1,1,1924481,1924481,+,1924481,1924481,44479,44479,+,1,First Pass,Primary Assembly
Line:133,1,1,NW_022145600,NW_003578441.1,1,1,1924749,1924749,+,1924749,1924749,40618,40618,+,1,Second Pass,Primary Assembly
Line:133,1,2,NW_022145600,NW_003578395.1,1,1,1924749,1924749,+,1924749,1924749,44747,44747,+,1,First Pass,Primary Assembly
Line:134,1,1,NW_022145600,NW_003578441.1,1,1,1924936,1924936,+,1924936,1924936,40805,40805,+,1,Second Pass,Primary Assembly
Line:134,1,2,NW_022145600,NW_003578395.1,1,1,1924936,1924936,+,1924936,1924936,44934,44934,+,1,First Pass,Primary Assembly
Line:135,1,1,NW_022145600,NW_003578441.1,1,1,1925096,1925096,+,1925096,1925096,40965,40965,+,1,Second Pass,Primary Assembly
Line:135,1,2,NW_022145600,NW_003578395.1,1,1,1925096,1925096,+,1925096,1925096,45094,45094,+,1,First Pass,Primary Assembly
Line:136,1,1,NW_022145600,NW_003578441.1,1,1,1925184,1925184,+,1925184,1925184,41053,41053,+,1,Second Pass,Primary Assembly
Line:136,1,2,NW_022145600,NW_003578395.1,1,1,1925184,1925184,+,1925184,1925184,45182,45182,+,1,First Pass,Primary Assembly
Line:137,1,NULL,NW_022145600,NULL,1,NULL,4369163,4369163,+,NOMAP,ALIGNGAP,,,,,,
Line:138,1,1,NW_022145600,NW_003579180.1,1,1,5499512,5499512,+,5499512,5499512,23821,23821,+,1,First Pass,Primary Assembly
Line:139,1,1,NW_022145600,NW_003579408.1,1,1,6423674,6423674,+,6423674,6423674,89540,89540,+,1,First Pass,Primary Assembly
Line:140,1,1,NW_022145600,NW_003577221.1,1,1,6769674,6769674,+,6769674,6769674,45000,45000,-,1,First Pass,Primary Assembly
Line:141,1,1,NW_022145600,NW_003577221.1,1,1,6769693,6769693,+,6769693,6769693,44981,44981,-,1,First Pass,Primary Assembly
Line:142,1,1,NW_022145600,NW_003579597.1,1,1,7875001,7875001,+,7875001,7875001,111123,111123,-,1,First Pass,Primary Assembly
Line:143,1,1,NW_022145600,NW_003577067.1,1,1,11458960,11458960,+,11458960,11458960,751552,751552,+,1,First Pass,Primary Assembly
Line:144,1,1,NW_022145600,NW_003577067.1,1,1,11481820,11481820,+,11481820,11481820,774417,774417,+,1,First Pass,Primary Assembly
Line:145,1,1,NW_022145600,NW_003579444.1,1,1,15756098,15756098,+,15756098,15756098,100357,100357,+,1,First Pass,Primary Assembly
Line:146,1,1,NW_022145600,NW_003579444.1,1,1,15790851,15790851,+,15790851,15790851,134264,134264,+,1,First Pass,Primary Assembly
Line:147,1,1,NW_022145600,NW_003578383.1,1,1,17843920,17843920,+,17843920,17843920,63628,63628,+,1,First Pass,Primary Assembly
Line:148,1,1,NW_022145600,NW_003577716.1,1,1,18642769,18642769,+,18642769,18642769,109033,109033,+,1,First Pass,Primary Assembly
Line:149,1,1,NW_022145600,NW_003577365.1,1,1,18723511,18723511,+,18723511,18723511,604249,604249,+,1,First Pass,Primary Assembly
Line:150,1,1,NW_022145600,NW_003578133.1,1,1,18845290,18845290,+,18845290,18845290,133508,133508,+,1,First Pass,Primary Assembly
Line:151,1,1,NW_022145600,NW_003577009.1,1,1,26546024,26546024,+,26546024,26546024,1079987,1079987,+,1,First Pass,Primary Assembly
Line:152,1,1,NW_022145600,NW_003578357.1,1,1,33782688,33782688,+,33782688,33782688,91816,91816,-,1,First Pass,Primary Assembly
Line:153,1,NULL,NW_022145600,NULL,1,NULL,36371066,36371066,+,NOMAP,ALIGNGAP,,,,,,
Line:154,1,1,NW_022145600,NW_003577046.1,1,1,36722961,36722961,+,36722961,36722961,208824,208824,+,1,First Pass,Primary Assembly
Line:155,1,1,NW_022145600,NW_003577593.1,1,1,37149719,37149719,+,37149719,37149719,124141,124141,-,1,First Pass,Primary Assembly
Line:156,1,1,NW_022145601,NW_003578078.1,1,1,4255,4255,+,4255,4255,19220,19220,+,1,First Pass,Primary Assembly
Line:157,1,1,NW_022145601,NW_003585095.1,1,1,59017,59017,+,59017,59017,27273,27273,+,1,First Pass,Primary Assembly
Line:157,1,2,NW_022145601,NW_003577479.1,1,1,59017,59017,+,59017,59017,768172,768172,+,1,Second Pass,Primary Assembly
Line:158,1,1,NW_022145601,NW_003577479.1,1,1,72426,72426,+,72426,72426,564317,564317,+,1,First Pass,Primary Assembly
Line:159,1,1,NW_022145601,NW_003577479.1,1,1,72454,72454,+,72454,72454,564345,564345,+,1,First Pass,Primary Assembly
Line:160,1,1,NW_022145601,NW_003577676.1,1,1,447815,447815,+,447815,447815,40194,40194,+,1,First Pass,Primary Assembly
Line:161,1,1,NW_022145601,NW_003577157.1,1,1,2731163,2731163,+,2731163,2731163,543186,543186,-,1,Second Pass,Primary Assembly
Line:162,1,1,NW_022145601,NW_003578128.1,1,1,5961051,5961051,+,5961051,5961051,159908,159908,+,1,First Pass,Primary Assembly
Line:162,1,2,NW_022145601,NW_003577555.1,1,1,5961051,5961051,+,5961051,5961051,284144,284144,+,1,Second Pass,Primary Assembly
Line:163,1,1,NW_022145601,NW_003577173.1,1,1,15669098,15669098,+,15669098,15669098,224779,224779,-,1,First Pass,Primary Assembly
Line:164,1,1,NW_022145601,NW_003588526.1,1,1,16990762,16990762,+,16990762,16990762,1268,1268,-,1,Second Pass,Primary Assembly
Line:164,1,2,NW_022145601,NW_003577187.1,1,1,16990762,16990762,+,16990762,16990762,381430,381430,+,1,First Pass,Primary Assembly
Line:165,1,1,NW_022145601,NW_003577752.1,1,1,20109609,20109609,+,20109609,20109609,126163,126163,+,1,Second Pass,Primary Assembly
Line:165,1,2,NW_022145601,NW_003577752.1,1,1,20109609,20109609,+,20109609,20109609,119991,119991,+,1,Second Pass,Primary Assembly
Line:165,1,3,NW_022145601,NW_003577752.1,1,1,20109609,20109609,+,20109609,20109609,71912,71912,+,1,First Pass,Primary Assembly
Line:166,1,1,NW_022145601,NW_003579869.1,1,1,20277080,20277080,+,20277080,20277080,1629,1629,-,1,Second Pass,Primary Assembly
Line:166,1,2,NW_022145601,NW_003577046.1,1,1,20277080,20277080,+,20277080,20277080,541213,541213,-,1,First Pass,Primary Assembly
Line:167,1,1,NW_022145601,NW_003601640.1,1,1,23910673,23910673,+,23910673,23910673,626,626,+,1,Second Pass,Primary Assembly
Line:167,1,2,NW_022145601,NW_003577028.1,1,1,23910673,23910673,+,23910673,23910673,392646,392646,-,1,First Pass,Primary Assembly
Line:168,1,1,NW_022145601,NW_003601640.1,1,1,23910677,23910677,+,23910677,23910677,630,630,+,1,Second Pass,Primary Assembly
Line:168,1,2,NW_022145601,NW_003577028.1,1,1,23910677,23910677,+,23910677,23910677,392642,392642,-,1,First Pass,Primary Assembly
Line:169,1,1,NW_022145601,NW_003577025.1,1,1,30150440,30150440,+,30150440,30150440,492118,492118,+,1,First Pass,Primary Assembly
Line:170,1,1,NW_022145601,NW_003577643.1,1,1,31407858,31407858,+,31407858,31407858,188021,188021,-,1,First Pass,Primary Assembly
Line:171,1,1,NW_022145601,NW_003577643.1,1,1,31412729,31412729,+,31412729,31412729,182473,182473,-,1,First Pass,Primary Assembly
Line:172,1,1,NW_022145601,NW_003577178.1,1,1,32544902,32544902,+,32544902,32544902,637881,637881,-,1,First Pass,Primary Assembly
Line:173,1,1,NW_022145601,NW_003577178.1,1,1,32545186,32545186,+,32545186,32545186,637597,637597,-,1,First Pass,Primary Assembly
Line:174,1,1,NW_022145602,NW_003577067.1,1,1,9830166,9830166,+,9830166,9830166,136590,136590,-,1,First Pass,Primary Assembly
Line:175,1,1,NW_022145602,NW_003577171.1,1,1,17369310,17369310,+,17369310,17369310,21772,21772,+,1,First Pass,Primary Assembly
Line:176,1,1,NW_022145602,NW_003578020.1,1,1,26919449,26919449,+,26919449,26919449,147810,147810,+,1,First Pass,Primary Assembly
Line:177,1,1,NW_022145602,NW_003579060.1,1,1,26935567,26935567,+,26935567,26935567,112193,112193,-,1,Second Pass,Primary Assembly
Line:177,1,2,NW_022145602,NW_003578020.1,1,1,26935567,26935567,+,26935567,26935567,160929,160929,+,1,First Pass,Primary Assembly
Line:178,1,1,NW_022145603,NW_003577072.1,1,1,2609847,2609847,+,2609847,2609847,52783,52783,-,1,First Pass,Primary Assembly
Line:179,1,1,NW_022145603,NW_003577232.1,1,1,2653343,2653343,+,2653343,2653343,237433,237433,+,1,First Pass,Primary Assembly
Line:180,1,1,NW_022145603,NW_003577645.1,1,1,2852217,2852217,+,2852217,2852217,153277,153277,-,1,First Pass,Primary Assembly
Line:181,1,1,NW_022145603,NW_003577669.1,1,1,3061569,3061569,+,3061569,3061569,45987,45987,+,1,First Pass,Primary Assembly
Line:182,1,1,NW_022145603,NW_003577072.1,1,1,3393595,3393595,+,3393595,3393595,359561,359561,+,1,First Pass,Primary Assembly
Line:183,1,1,NW_022145603,NW_003580293.1,1,1,3840798,3840798,+,3840798,3840798,34738,34738,+,1,First Pass,Primary Assembly
Line:184,1,1,NW_022145603,NW_003579204.1,1,1,6896765,6896765,+,6896765,6896765,92562,92562,-,1,First Pass,Primary Assembly
Line:185,1,1,NW_022145603,NW_003577420.1,1,1,9173149,9173149,+,9173149,9173149,234982,234982,+,1,First Pass,Primary Assembly
Line:186,1,1,NW_022145603,NW_003577346.1,1,1,12100904,12100904,+,12100904,12100904,290591,290591,-,1,First Pass,Primary Assembly
Line:187,1,1,NW_022145603,NW_003577346.1,1,1,12100941,12100941,+,12100941,12100941,290554,290554,-,1,First Pass,Primary Assembly
Line:188,1,1,NW_022145603,NW_003577715.1,1,1,14518530,14518530,+,14518530,14518530,23395,23395,-,1,First Pass,Primary Assembly
Line:189,1,1,NW_022145603,NW_003577128.1,1,1,15792401,15792401,+,15792401,15792401,558082,558082,+,1,First Pass,Primary Assembly
Line:190,1,1,NW_022145603,NW_003581877.1,1,1,25257073,25257073,+,25257073,25257073,17671,17671,+,1,Second Pass,Primary Assembly
Line:190,1,2,NW_022145603,NW_003579391.1,1,1,25257073,25257073,+,25257073,25257073,24512,24512,-,1,First Pass,Primary Assembly
Line:190,1,3,NW_022145603,NW_003576965.1,1,1,25257073,25257073,+,25257073,25257073,665845,665845,-,1,Second Pass,Primary Assembly
Line:191,1,1,NW_022145603,NW_003578797.1,1,1,25480526,25480526,+,25480526,25480526,105310,105310,-,1,Second Pass,Primary Assembly
Line:191,1,2,NW_022145603,NW_003576992.1,1,1,25480526,25480526,+,25480526,25480526,1134672,1134672,-,1,First Pass,Primary Assembly
Line:192,1,1,NW_022145603,NW_003577802.1,1,1,29977238,29977238,+,29977238,29977238,98202,98202,-,1,First Pass,Primary Assembly
Line:193,1,1,NW_022145603,NW_003577070.1,1,1,30186061,30186061,+,30186061,30186061,228094,228094,+,1,First Pass,Primary Assembly
Line:194,1,1,NW_022145604,NW_003577765.1,1,1,3584642,3584642,+,3584642,3584642,214231,214231,-,1,First Pass,Primary Assembly
Line:195,1,1,NW_022145604,NW_003577765.1,1,1,3584646,3584646,+,3584646,3584646,214227,214227,-,1,First Pass,Primary Assembly
Line:196,1,1,NW_022145604,NW_003577765.1,1,1,3584651,3584651,+,3584651,3584651,214222,214222,-,1,First Pass,Primary Assembly
Line:197,1,1,NW_022145604,NW_003577531.1,1,1,4879145,4879145,+,4879145,4879145,38444,38444,-,1,First Pass,Primary Assembly
Line:198,1,1,NW_022145604,NW_003578250.1,1,1,5023028,5023028,+,5023028,5023028,331478,331478,+,1,Second Pass,Primary Assembly
Line:198,1,2,NW_022145604,NW_003578250.1,1,1,5023028,5023028,+,5023028,5023028,340685,340685,+,1,First Pass,Primary Assembly
Line:199,1,1,NW_022145604,NW_003577109.1,1,1,11605000,11605000,+,11605000,11605000,434696,434696,+,1,First Pass,Primary Assembly
Line:200,1,1,NW_022145604,NW_003578989.1,1,1,13200008,13200008,+,13200008,13200008,94124,94124,+,1,First Pass,Primary Assembly
Line:201,1,1,NW_022145604,NW_003578398.1,1,1,13219979,13219979,+,13219979,13219979,19510,19510,-,1,First Pass,Primary Assembly
Line:202,1,1,NW_022145604,NW_003578398.1,1,1,13221183,13221183,+,13221183,13221183,9274,9274,-,1,First Pass,Primary Assembly
Line:203,1,1,NW_022145604,NW_003578398.1,1,1,13221399,13221399,+,13221399,13221399,9058,9058,-,1,First Pass,Primary Assembly
Line:204,1,1,NW_022145604,NW_003577144.1,1,1,18847440,18847440,+,18847440,18847440,99701,99701,-,1,First Pass,Primary Assembly
Line:205,1,1,NW_022145604,NW_003577144.1,1,1,18858132,18858132,+,18858132,18858132,89024,89024,-,1,First Pass,Primary Assembly
Line:206,1,1,NW_022145604,NW_003598130.1,1,1,18916528,18916528,+,18916528,18916528,571,571,+,1,Second Pass,Primary Assembly
Line:206,1,2,NW_022145604,NW_003577144.1,1,1,18916528,18916528,+,18916528,18916528,48705,48705,+,1,First Pass,Primary Assembly
Line:207,1,1,NW_022145604,NW_003577781.1,1,1,26027008,26027008,+,26027008,26027008,52339,52339,-,1,First Pass,Primary Assembly
Line:208,1,1,NW_022145604,NW_003577148.1,1,1,27256826,27256826,+,27256826,27256826,290132,290132,-,1,First Pass,Primary Assembly
Line:209,1,1,NW_022145604,NW_003577148.1,1,1,27350756,27350756,+,27350756,27350756,190009,190009,-,1,First Pass,Primary Assembly
Line:210,1,1,NW_022145604,NW_003577148.1,1,1,27350759,27350759,+,27350759,27350759,190006,190006,-,1,First Pass,Primary Assembly
Line:211,1,1,NW_022145604,NW_003577116.1,1,1,28977694,28977694,+,28977694,28977694,244675,244675,+,1,First Pass,Primary Assembly
Line:212,1,NULL,NW_022145604,NULL,1,NULL,29394262,29394262,+,NOMAP,ALIGNGAP,,,,,,
Line:213,1,NULL,NW_022145605,NULL,1,NULL,656701,656701,+,NOMAP,ALIGNGAP,,,,,,
Line:214,1,NULL,NW_022145605,NULL,1,NULL,656712,656712,+,NOMAP,ALIGNGAP,,,,,,
Line:215,1,NULL,NW_022145605,NULL,1,NULL,656718,656718,+,NOMAP,ALIGNGAP,,,,,,
Line:216,1,1,NW_022145605,NW_003577818.1,1,1,1082334,1082334,+,1082334,1082334,204817,204817,+,1,First Pass,Primary Assembly
Line:217,1,1,NW_022145605,NW_003577091.1,1,1,3359692,3359692,+,3359692,3359692,323873,323873,-,1,First Pass,Primary Assembly
Line:218,1,1,NW_022145605,NW_003577091.1,1,1,3496630,3496630,+,3496630,3496630,174453,174453,-,1,First Pass,Primary Assembly
Line:219,1,1,NW_022145605,NW_003577099.1,1,1,3708902,3708902,+,3708902,3708902,51243,51243,+,1,First Pass,Primary Assembly
Line:220,1,1,NW_022145605,NW_003577735.1,1,1,4199306,4199306,+,4199306,4199306,179410,179410,-,1,First Pass,Primary Assembly
Line:221,1,NULL,NW_022145605,NULL,1,NULL,6706825,6706825,+,NOMAP,ALIGNGAP,,,,,,
Line:222,1,1,NW_022145605,NW_003578575.1,1,1,15262619,15262619,+,15262619,15262619,51380,51380,+,1,First Pass,Primary Assembly
Line:223,1,1,NW_022145605,NW_003581510.1,1,1,15992428,15992428,+,15992428,15992428,17163,17163,+,1,Second Pass,Primary Assembly
Line:223,1,2,NW_022145605,NW_003577299.1,1,1,15992428,15992428,+,15992428,15992428,300075,300075,-,1,First Pass,Primary Assembly
Line:224,1,1,NW_022145605,NW_003577299.1,1,1,16200594,16200594,+,16200594,16200594,96227,96227,-,1,First Pass,Primary Assembly
Line:225,1,1,NW_022145605,NW_003577400.1,1,1,18287639,18287639,+,18287639,18287639,342624,342624,-,1,First Pass,Primary Assembly
Line:226,1,1,NW_022145605,NW_003577436.1,1,1,26228506,26228506,+,26228506,26228506,21788,21788,+,1,First Pass,Primary Assembly
Line:227,1,1,NW_022145605,NW_003578232.1,1,1,34887851,34887851,+,34887851,34887851,44002,44002,+,1,First Pass,Primary Assembly
Line:228,1,1,NW_022145605,NW_003577331.1,1,1,34929328,34929328,+,34929328,34929328,327192,327192,+,1,First Pass,Primary Assembly
Line:229,1,1,NW_022145605,NW_003577350.1,1,1,35675107,35675107,+,35675107,35675107,502971,502971,-,1,First Pass,Primary Assembly
Line:230,1,1,NW_022145605,NW_003577540.1,1,1,37940606,37940606,+,37940606,37940606,174737,174737,+,1,First Pass,Primary Assembly
Line:231,1,1,NW_022145605,NW_003578644.1,1,1,38035185,38035185,+,38035185,38035185,63599,63599,+,1,First Pass,Primary Assembly
Line:232,1,1,NW_022145605,NW_003578644.1,1,1,38062908,38062908,+,38062908,38062908,86407,86407,+,1,First Pass,Primary Assembly
Line:233,1,1,NW_022145605,NW_003577266.1,1,1,39158513,39158513,+,39158513,39158513,191991,191991,-,1,First Pass,Primary Assembly
Line:234,1,1,NW_022145605,NW_003577266.1,1,1,39158571,39158571,+,39158571,39158571,191933,191933,-,1,First Pass,Primary Assembly
Line:235,1,1,NW_022145605,NW_003577266.1,1,1,39158849,39158849,+,39158849,39158849,191652,191652,-,1,First Pass,Primary Assembly
Line:236,1,1,NW_022145605,NW_003577037.1,1,1,40055530,40055530,+,40055530,40055530,73980,73980,-,1,First Pass,Primary Assembly
Line:237,1,1,NW_022145605,NW_003577700.1,1,1,40059130,40059130,+,40059130,40059130,344434,344434,-,1,Second Pass,Primary Assembly
Line:238,1,NULL,NW_022145606,NULL,1,NULL,6651254,6651254,+,NOMAP,ALIGNGAP,,,,,,
Line:239,1,1,NW_022145606,NW_003578247.1,1,1,8046621,8046621,+,8046621,8046621,21691,21691,-,1,First Pass,Primary Assembly
Line:240,1,1,NW_022145606,NW_003578562.1,1,1,8253408,8253408,+,8253408,8253408,80531,80531,-,1,First Pass,Primary Assembly
Line:241,1,1,NW_022145606,NW_003578562.1,1,1,8254077,8254077,+,8254077,8254077,79863,79863,-,1,First Pass,Primary Assembly
Line:242,1,1,NW_022145606,NW_003578562.1,1,1,8254532,8254532,+,8254532,8254532,79408,79408,-,1,First Pass,Primary Assembly
Line:243,1,NULL,NW_022145606,NULL,1,NULL,8254935,8254935,+,NOMAP,ALIGNGAP,,,,,,
Line:244,1,NULL,NW_022145606,NULL,1,NULL,8255378,8255378,+,NOMAP,ALIGNGAP,,,,,,
Line:245,1,1,NW_022145606,NW_003576962.1,1,1,8259165,8259165,+,8259165,8259165,2052490,2052490,+,1,First Pass,Primary Assembly
Line:246,1,1,NW_022145606,NW_003576962.1,1,1,8259807,8259807,+,8259807,8259807,2053692,2053692,+,1,First Pass,Primary Assembly
Line:247,1,1,NW_022145606,NW_003576962.1,1,1,8264912,8264912,+,8264912,8264912,2058813,2058813,+,1,First Pass,Primary Assembly
Line:248,1,1,NW_022145606,NW_003578934.1,1,1,16700340,16700340,+,16700340,16700340,42516,42516,-,1,Second Pass,Primary Assembly
Line:248,1,2,NW_022145606,NW_003577117.1,1,1,16700340,16700340,+,16700340,16700340,592018,592018,+,1,First Pass,Primary Assembly
Line:249,1,1,NW_022145606,NW_003578226.1,1,1,17002641,17002641,+,17002641,17002641,24526,24526,-,1,First Pass,Primary Assembly
Line:250,1,NULL,NW_022145606,NULL,1,NULL,18202402,18202402,+,NOMAP,ALIGNGAP,,,,,,
Line:251,1,1,NW_022145606,NW_003580857.1,1,1,36337244,36337244,+,36337244,36337244,11140,11140,-,1,Second Pass,Primary Assembly
Line:251,1,2,NW_022145606,NW_003580689.1,1,1,36337244,36337244,+,36337244,36337244,33974,33974,+,1,First Pass,Primary Assembly
Line:251,1,3,NW_022145606,NW_003580603.1,1,1,36337244,36337244,+,36337244,36337244,45793,45793,-,1,Second Pass,Primary Assembly
Line:252,1,1,NW_022145606,NW_003577198.1,1,1,42432866,42432866,+,42432866,42432866,364828,364828,-,1,First Pass,Primary Assembly
Line:253,1,1,NW_022145606,NW_003580877.1,1,1,51447029,51447029,+,51447029,51447029,45012,45012,-,1,Second Pass,Primary Assembly
Line:254,1,1,NW_022145606,NW_003580877.1,1,1,51466330,51466330,+,51466330,51466330,37809,37809,-,1,First Pass,Primary Assembly
Line:255,1,1,NW_022145606,NW_003580877.1,1,1,51466355,51466355,+,51466355,51466355,37784,37784,-,1,First Pass,Primary Assembly
Line:256,1,1,NW_022145606,NW_003580877.1,1,1,51466408,51466408,+,51466408,51466408,37731,37731,-,1,First Pass,Primary Assembly
Line:257,1,1,NW_022145606,NW_003580877.1,1,1,51508131,51508131,+,51508131,51508131,1812,1812,-,1,First Pass,Primary Assembly
Line:258,1,1,NW_022145606,NW_003580860.1,1,1,52407792,52407792,+,52407792,52407792,11229,11229,-,1,First Pass,Primary Assembly
Line:259,1,1,NW_022145607,NW_003576998.1,1,1,4341554,4341554,+,4341554,4341554,156608,156608,+,1,First Pass,Primary Assembly
Line:260,1,1,NW_022145607,NW_003577422.1,1,1,5014368,5014368,+,5014368,5014368,357913,357913,+,1,First Pass,Primary Assembly
Line:261,1,1,NW_022145607,NW_003599989.1,1,1,5075502,5075502,+,5075502,5075502,1708,1708,+,1,Second Pass,Primary Assembly
Line:261,1,2,NW_022145607,NW_003578234.1,1,1,5075502,5075502,+,5075502,5075502,50100,50100,-,1,First Pass,Primary Assembly
Line:262,1,1,NW_022145607,NW_003599989.1,1,1,5075503,5075503,+,5075503,5075503,1709,1709,+,1,Second Pass,Primary Assembly
Line:262,1,2,NW_022145607,NW_003578234.1,1,1,5075503,5075503,+,5075503,5075503,50099,50099,-,1,First Pass,Primary Assembly
Line:263,1,1,NW_022145607,NW_003579100.1,1,1,5228965,5228965,+,5228965,5228965,64616,64616,-,1,First Pass,Primary Assembly
Line:264,1,1,NW_022145607,NW_003578529.1,1,1,5401859,5401859,+,5401859,5401859,30583,30583,-,1,First Pass,Primary Assembly
Line:265,1,1,NW_022145607,NW_003577945.1,1,1,5430301,5430301,+,5430301,5430301,328501,328501,-,1,First Pass,Primary Assembly
Line:266,1,1,NW_022145607,NW_003577440.1,1,1,13953404,13953404,+,13953404,13953404,288813,288813,+,1,First Pass,Primary Assembly
Line:267,1,1,NW_022145607,NW_003577440.1,1,1,13953480,13953480,+,13953480,13953480,288889,288889,+,1,First Pass,Primary Assembly
Line:268,1,NULL,NW_022145607,NULL,1,NULL,15996849,15996849,+,NOMAP,ALIGNGAP,,,,,,
Line:269,1,1,NW_022145607,NW_003580012.1,1,1,16016823,16016823,+,16016823,16016823,3954,3954,-,1,First Pass,Primary Assembly
Line:270,1,1,NW_022145607,NW_003580012.1,1,1,16019660,16019660,+,16019660,16019660,18653,18653,+,1,First Pass,Primary Assembly
Line:271,1,1,NW_022145607,NW_003577021.1,1,1,18393162,18393162,+,18393162,18393162,434194,434194,+,1,First Pass,Primary Assembly
Line:272,1,1,NW_022145607,NW_003577005.1,1,1,20632593,20632593,+,20632593,20632593,871029,871029,+,1,First Pass,Primary Assembly
Line:273,1,1,NW_022145607,NW_003576978.1,1,1,23093766,23093766,+,23093766,23093766,1021232,1021232,+,1,Second Pass,Primary Assembly
Line:273,1,2,NW_022145607,NW_003576978.1,1,1,23093766,23093766,+,23093766,23093766,1005132,1005132,+,1,Second Pass,Primary Assembly
Line:273,1,3,NW_022145607,NW_003576978.1,1,1,23093766,23093766,+,23093766,23093766,1012949,1012949,+,1,First Pass,Primary Assembly
Line:274,1,1,NW_022145607,NW_003577073.1,1,1,31388920,31388920,+,31388920,31388920,584297,584297,+,1,Second Pass,Primary Assembly
Line:275,1,1,NW_022145607,NW_003577073.1,1,1,31389178,31389178,+,31389178,31389178,584555,584555,+,1,Second Pass,Primary Assembly
Line:276,1,1,NW_022145607,NW_003577073.1,1,1,31426122,31426122,+,31426122,31426122,587390,587390,+,1,First Pass,Primary Assembly
Line:277,1,1,NW_022145607,NW_003578144.1,1,1,32611425,32611425,+,32611425,32611425,159385,159385,+,1,First Pass,Primary Assembly
Line:278,1,1,NW_022145607,NW_003578537.1,1,1,37638968,37638968,+,37638968,37638968,69670,69670,+,1,First Pass,Primary Assembly
Line:279,1,1,NW_022145607,NW_003578279.1,1,1,39598584,39598584,+,39598584,39598584,35288,35288,-,1,First Pass,Primary Assembly
Line:280,1,NULL,NW_022145607,NULL,1,NULL,40970330,40970330,+,NOMAP,ALIGNGAP,,,,,,
Line:281,1,NULL,NW_022145607,NULL,1,NULL,40972095,40972095,+,NOMAP,ALIGNGAP,,,,,,
Line:282,1,NULL,NW_022145607,NULL,1,NULL,40983624,40983624,+,NOMAP,ALIGNGAP,,,,,,
Line:283,1,1,NW_022145607,NW_003577298.1,1,1,42483153,42483153,+,42483153,42483153,104825,104825,+,1,First Pass,Primary Assembly
Line:284,1,1,NW_022145607,NW_003577298.1,1,1,42483201,42483201,+,42483201,42483201,104873,104873,+,1,First Pass,Primary Assembly
Line:285,1,1,NW_022145607,NW_003577298.1,1,1,42483207,42483207,+,42483207,42483207,104879,104879,+,1,First Pass,Primary Assembly
Line:286,1,1,NW_022145607,NW_003577298.1,1,1,42483599,42483599,+,42483599,42483599,105271,105271,+,1,First Pass,Primary Assembly
Line:287,1,NULL,NW_022145609,NULL,1,NULL,5650475,5650475,+,NOMAP,ALIGNGAP,,,,,,
Line:288,1,NULL,NW_022145609,NULL,1,NULL,5650532,5650532,+,NOMAP,ALIGNGAP,,,,,,
Line:289,1,NULL,NW_022145609,NULL,1,NULL,5651127,5651127,+,NOMAP,ALIGNGAP,,,,,,
Line:290,1,1,NW_022145609,NW_003578425.1,1,1,5651667,5651667,+,5651667,5651667,57998,57998,+,1,First Pass,Primary Assembly
Line:291,1,1,NW_022145609,NW_003578425.1,1,1,5651782,5651782,+,5651782,5651782,58114,58114,+,1,First Pass,Primary Assembly
Line:292,1,1,NW_022145609,NW_003578335.1,1,1,12134423,12134423,+,12134423,12134423,83940,83940,-,1,First Pass,Primary Assembly
Line:293,1,1,NW_022145609,NW_003577074.1,1,1,19862396,19862396,+,19862396,19862396,404204,404204,+,1,First Pass,Primary Assembly
Line:294,1,1,NW_022145609,NW_003579289.1,1,1,33893863,33893863,+,33893863,33893863,19459,19459,+,1,First Pass,Primary Assembly
Line:295,1,1,NW_022145609,NW_003577014.1,1,1,35181367,35181367,+,35181367,35181367,653512,653512,-,1,First Pass,Primary Assembly
Line:296,1,1,NW_022145610,NW_003577391.1,1,1,27208802,27208802,+,27208802,27208802,374114,374114,-,1,First Pass,Primary Assembly
Line:297,1,1,NW_022145610,NW_003577391.1,1,1,27209185,27209185,+,27209185,27209185,373731,373731,-,1,First Pass,Primary Assembly
Line:298,1,1,NW_022145610,NW_003577393.1,1,1,27700241,27700241,+,27700241,27700241,11563,11563,+,1,Second Pass,Primary Assembly
Line:298,1,2,NW_022145610,NW_003577393.1,1,1,27700241,27700241,+,27700241,27700241,19621,19621,+,1,First Pass,Primary Assembly
Line:299,1,1,NW_022145610,NW_003580421.1,1,1,31099210,31099210,+,31099210,31099210,21600,21600,-,1,Second Pass,Primary Assembly
Line:300,1,NULL,NW_022145610,NULL,1,NULL,31293044,31293044,+,NOMAP,ALIGNGAP,,,,,,
Line:301,1,1,NW_022145611,NW_003577317.1,1,1,1408640,1408640,+,1408640,1408640,21813,21813,-,1,First Pass,Primary Assembly
Line:302,1,1,NW_022145611,NW_003580015.1,1,1,1831616,1831616,+,1831616,1831616,26682,26682,+,1,First Pass,Primary Assembly
Line:303,1,NULL,NW_022145611,NULL,1,NULL,2079132,2079132,+,NOMAP,ALIGNGAP,,,,,,
Line:304,1,1,NW_022145611,NW_003577410.1,1,1,2079345,2079345,+,2079345,2079345,146114,146114,+,1,First Pass,Primary Assembly
Line:305,1,1,NW_022145611,NW_003577020.1,1,1,2322162,2322162,+,2322162,2322162,514117,514117,+,1,Second Pass,Primary Assembly
Line:306,1,NULL,NW_022145611,NULL,1,NULL,3341521,3341521,+,NOMAP,ALIGNGAP,,,,,,
Line:307,1,NULL,NW_022145611,NULL,1,NULL,8769498,8769498,+,NOMAP,ALIGNGAP,,,,,,
Line:308,1,1,NW_022145611,NW_003577221.1,1,1,15276815,15276815,+,15276815,15276815,227800,227800,-,1,First Pass,Primary Assembly
Line:309,1,1,NW_022145611,NW_003577221.1,1,1,15290685,15290685,+,15290685,15290685,213938,213938,-,1,First Pass,Primary Assembly
Line:310,1,1,NW_022145611,NW_003577551.1,1,1,15552832,15552832,+,15552832,15552832,41145,41145,-,1,First Pass,Primary Assembly
Line:310,1,2,NW_022145611,NW_003577114.1,1,1,15552832,15552832,+,15552832,15552832,997420,997420,+,1,Second Pass,Primary Assembly
Line:311,1,1,NW_022145611,NW_003577114.1,1,1,15696730,15696730,+,15696730,15696730,1153490,1153490,+,1,First Pass,Primary Assembly
Line:312,1,1,NW_022145611,NW_003577114.1,1,1,15696781,15696781,+,15696781,15696781,1153541,1153541,+,1,First Pass,Primary Assembly
Line:313,1,1,NW_022145611,NW_003578515.1,1,1,17676765,17676765,+,17676765,17676765,99787,99787,-,1,First Pass,Primary Assembly
Line:314,1,1,NW_022145611,NW_003578515.1,1,1,17676767,17676767,+,17676767,17676767,99785,99785,-,1,First Pass,Primary Assembly
Line:315,1,1,NW_022145611,NW_003577862.1,1,1,18009332,18009332,+,18009332,18009332,382230,382230,-,1,First Pass,Primary Assembly
Line:316,1,1,NW_022145611,NW_003577976.1,1,1,18422240,18422240,+,18422240,18422240,158843,158843,+,1,Second Pass,Primary Assembly
Line:316,1,2,NW_022145611,NW_003577747.1,1,1,18422240,18422240,+,18422240,18422240,2198,2198,+,1,First Pass,Primary Assembly
Line:317,1,1,NW_022145611,NW_003586806.1,1,1,18436154,18436154,+,18436154,18436154,48383,48383,-,1,First Pass,Primary Assembly
Line:317,1,2,NW_022145611,NW_003577976.1,1,1,18436154,18436154,+,18436154,18436154,170355,170355,+,1,Second Pass,Primary Assembly
Line:318,1,1,NW_022145611,NW_003577289.1,1,1,23902699,23902699,+,23902699,23902699,45414,45414,-,1,First Pass,Primary Assembly
Line:319,1,1,NW_022145611,NW_003577104.1,1,1,27852374,27852374,+,27852374,27852374,1060092,1060092,-,1,First Pass,Primary Assembly
Line:320,1,1,NW_022145611,NW_003577244.1,1,1,29296539,29296539,+,29296539,29296539,666148,666148,-,1,First Pass,Primary Assembly
Line:321,1,1,NW_022145611,NW_003578988.1,1,1,30879774,30879774,+,30879774,30879774,56682,56682,-,1,First Pass,Primary Assembly
Line:321,1,2,NW_022145611,NW_003577472.1,1,1,30879774,30879774,+,30879774,30879774,402037,402037,+,1,Second Pass,Primary Assembly
Line:322,1,1,NW_022145611,NW_003576964.1,1,1,34678978,34678978,+,34678978,34678978,2079913,2079913,-,1,First Pass,Primary Assembly
Line:323,1,1,NW_022145611,NW_003576964.1,1,1,34714878,34714878,+,34714878,34714878,2044437,2044437,-,1,First Pass,Primary Assembly
Line:324,1,1,NW_022145611,NW_003577122.1,1,1,41897540,41897540,+,41897540,41897540,805455,805455,+,1,First Pass,Primary Assembly
Line:325,1,1,NW_022145612,NW_003578035.1,1,1,652400,652400,+,652400,652400,49284,49284,-,1,First Pass,Primary Assembly
Line:326,1,1,NW_022145612,NW_003577513.1,1,1,3903639,3903639,+,3903639,3903639,18869,18869,+,1,First Pass,Primary Assembly
Line:327,1,1,NW_022145612,NW_003577290.1,1,1,4257677,4257677,+,4257677,4257677,637512,637512,-,1,First Pass,Primary Assembly
Line:328,1,1,NW_022145612,NW_003577290.1,1,1,4313901,4313901,+,4313901,4313901,579777,579777,-,1,First Pass,Primary Assembly
Line:329,1,1,NW_022145612,NW_003577290.1,1,1,4324616,4324616,+,4324616,4324616,568685,568685,-,1,First Pass,Primary Assembly
Line:330,1,1,NW_022145612,NW_003577103.1,1,1,8544207,8544207,+,8544207,8544207,736801,736801,+,1,First Pass,Primary Assembly
Line:331,1,1,NW_022145612,NW_003577103.1,1,1,8573497,8573497,+,8573497,8573497,766093,766093,+,1,First Pass,Primary Assembly
Line:332,1,1,NW_022145612,NW_003577163.1,1,1,9695367,9695367,+,9695367,9695367,205923,205923,+,1,First Pass,Primary Assembly
Line:333,1,1,NW_022145612,NW_003577163.1,1,1,9709355,9709355,+,9709355,9709355,220129,220129,+,1,First Pass,Primary Assembly
Line:334,1,1,NW_022145612,NW_003576970.1,1,1,10276981,10276981,+,10276981,10276981,932141,932141,+,1,First Pass,Primary Assembly
Line:335,1,1,NW_022145612,NW_003577584.1,1,1,13329887,13329887,+,13329887,13329887,443209,443209,-,1,First Pass,Primary Assembly
Line:336,1,1,NW_022145612,NW_003577584.1,1,1,13329890,13329890,+,13329890,13329890,443206,443206,-,1,First Pass,Primary Assembly
Line:337,1,1,NW_022145612,NW_003577771.1,1,1,17407426,17407426,+,17407426,17407426,83863,83863,-,1,First Pass,Primary Assembly
Line:338,1,1,NW_022145612,NW_003577282.1,1,1,19193236,19193236,+,19193236,19193236,610510,610510,+,1,First Pass,Primary Assembly
Line:339,1,1,NW_022145612,NW_003577379.1,1,1,19678327,19678327,+,19678327,19678327,125255,125255,+,1,First Pass,Primary Assembly
Line:340,1,1,NW_022145612,NW_003577379.1,1,1,19696647,19696647,+,19696647,19696647,143644,143644,+,1,First Pass,Primary Assembly
Line:341,1,1,NW_022145612,NW_003577379.1,1,1,19799077,19799077,+,19799077,19799077,252969,252969,+,1,First Pass,Primary Assembly
Line:342,1,1,NW_022145612,NW_003577925.1,1,1,20046422,20046422,+,20046422,20046422,387703,387703,-,1,First Pass,Primary Assembly
Line:343,1,1,NW_022145612,NW_003577205.1,1,1,20692152,20692152,+,20692152,20692152,718645,718645,-,1,First Pass,Primary Assembly
Line:344,1,1,NW_022145612,NW_003579268.1,1,1,33638643,33638643,+,33638643,33638643,131948,131948,+,1,First Pass,Primary Assembly
Line:345,1,1,NW_022145612,NW_003577658.1,1,1,36146150,36146150,+,36146150,36146150,399036,399036,-,1,First Pass,Primary Assembly
Line:346,1,1,NW_022145612,NW_003582763.1,1,1,36901177,36901177,+,36901177,36901177,530,530,-,1,First Pass,Primary Assembly
Line:346,1,2,NW_022145612,NW_003578304.1,1,1,36901177,36901177,+,36901177,36901177,359128,359128,+,1,Second Pass,Primary Assembly
Line:347,1,NULL,NW_022145612,NULL,1,NULL,37209677,37209677,+,NOMAP,ALIGNGAP,,,,,,
Line:348,1,1,NW_022145612,NW_003577597.1,1,1,37873477,37873477,+,37873477,37873477,157233,157233,+,1,First Pass,Primary Assembly
Line:349,1,1,NW_022145612,NW_003577249.1,1,1,39447062,39447062,+,39447062,39447062,494755,494755,-,1,First Pass,Primary Assembly
Line:350,1,NULL,NW_022145612,NULL,1,NULL,39447719,39447719,+,NOMAP,ALIGNGAP,,,,,,
Line:351,1,NULL,NW_022145612,NULL,1,NULL,43045904,43045904,+,NOMAP,ALIGNGAP,,,,,,
Line:352,1,NULL,NW_022145612,NULL,1,NULL,43045942,43045942,+,NOMAP,ALIGNGAP,,,,,,
Line:353,1,1,NW_022145612,NW_003576966.1,1,1,43106855,43106855,+,43106855,43106855,1911534,1911534,-,1,First Pass,Primary Assembly
Line:354,1,1,NW_022145612,NW_003606431.1,1,1,43354286,43354286,+,43354286,43354286,40797,40797,+,1,Second Pass,Primary Assembly
Line:354,1,2,NW_022145612,NW_003576966.1,1,1,43354286,43354286,+,43354286,43354286,1653945,1653945,-,1,First Pass,Primary Assembly
Line:355,1,1,NW_022145612,NW_003577347.1,1,1,48768083,48768083,+,48768083,48768083,551946,551946,-,1,First Pass,Primary Assembly
Line:356,1,1,NW_022145612,NW_003577347.1,1,1,48842148,48842148,+,48842148,48842148,477824,477824,-,1,First Pass,Primary Assembly
Line:357,1,1,NW_022145612,NW_003582147.1,1,1,51804301,51804301,+,51804301,51804301,22158,22158,+,1,First Pass,Primary Assembly
Line:357,1,2,NW_022145612,NW_003577026.1,1,1,51804301,51804301,+,51804301,51804301,963627,963627,+,1,Second Pass,Primary Assembly
Line:357,1,3,NW_022145612,NW_003577026.1,1,1,51804301,51804301,+,51804301,51804301,951712,951712,-,1,Second Pass,Primary Assembly
Line:358,1,1,NW_022145612,NW_003577080.1,1,1,55734880,55734880,+,55734880,55734880,341822,341822,-,1,First Pass,Primary Assembly
Line:359,1,1,NW_022145613,NW_003577414.1,1,1,3954604,3954604,+,3954604,3954604,292807,292807,-,1,First Pass,Primary Assembly
Line:360,1,1,NW_022145613,NW_003577414.1,1,1,4010720,4010720,+,4010720,4010720,237089,237089,-,1,First Pass,Primary Assembly
Line:361,1,1,NW_022145613,NW_003579295.1,1,1,12760875,12760875,+,12760875,12760875,10692,10692,+,1,First Pass,Primary Assembly
Line:362,1,NULL,NW_022145613,NULL,1,NULL,12768650,12768650,+,NOMAP,ALIGNGAP,,,,,,
Line:363,1,1,NW_022145613,NW_003579295.1,1,1,12770679,12770679,+,12770679,12770679,19102,19102,+,1,First Pass,Primary Assembly
Line:363,1,2,NW_022145613,NW_003578000.1,1,1,12770679,12770679,+,12770679,12770679,113624,113624,+,1,Second Pass,Primary Assembly
Line:364,1,1,NW_022145613,NW_003580603.1,1,1,12772154,12772154,+,12772154,12772154,96228,96228,+,1,Second Pass,Primary Assembly
Line:364,1,2,NW_022145613,NW_003579295.1,1,1,12772154,12772154,+,12772154,12772154,20577,20577,+,1,First Pass,Primary Assembly
Line:365,1,1,NW_022145613,NW_003605489.1,1,1,12981116,12981116,+,12981116,12981116,5241,5241,+,1,First Pass,Primary Assembly
Line:365,1,2,NW_022145613,NW_003602065.1,1,1,12981116,12981116,+,12981116,12981116,211,211,-,1,Second Pass,Primary Assembly
Line:366,1,1,NW_022145613,NW_003577220.1,1,1,13138114,13138114,+,13138114,13138114,389370,389370,+,1,First Pass,Primary Assembly
Line:367,1,1,NW_022145613,NW_003577255.1,1,1,20398789,20398789,+,20398789,20398789,545238,545238,+,1,First Pass,Primary Assembly
Line:368,1,1,NW_022145613,NW_003580156.1,1,1,23813863,23813863,+,23813863,23813863,9023,9023,+,1,First Pass,Primary Assembly
Line:369,1,1,NW_022145613,NW_003577071.1,1,1,26313506,26313506,+,26313506,26313506,1052759,1052759,+,1,First Pass,Primary Assembly
Line:370,1,1,NW_022145613,NW_003576973.1,1,1,31137492,31137492,+,31137492,31137492,219544,219544,+,1,First Pass,Primary Assembly
Line:371,1,1,NW_022145613,NW_003576973.1,1,1,31215208,31215208,+,31215208,31215208,297273,297273,+,1,First Pass,Primary Assembly
Line:372,1,1,NW_022145613,NW_003577772.1,1,1,31733213,31733213,+,31733213,31733213,137501,137501,-,1,First Pass,Primary Assembly
Line:373,1,1,NW_022145613,NW_003578262.1,1,1,32279498,32279498,+,32279498,32279498,166432,166432,-,1,First Pass,Primary Assembly
Line:374,1,1,NW_022145613,NW_003579645.1,1,1,32509509,32509509,+,32509509,32509509,27452,27452,+,1,First Pass,Primary Assembly
Line:375,1,NULL,NW_022145613,NULL,1,NULL,32932262,32932262,+,NOMAP,ALIGNGAP,,,,,,
Line:376,1,1,NW_022145613,NW_003577860.1,1,1,33035064,33035064,+,33035064,33035064,111131,111131,+,1,First Pass,Primary Assembly
Line:377,1,1,NW_022145613,NW_003577860.1,1,1,33268594,33268594,+,33268594,33268594,352749,352749,+,1,First Pass,Primary Assembly
Line:378,1,1,NW_022145613,NW_003577860.1,1,1,33272435,33272435,+,33272435,33272435,356592,356592,+,1,First Pass,Primary Assembly
Line:379,1,1,NW_022145613,NW_003577860.1,1,1,33310462,33310462,+,33310462,33310462,391145,391145,+,1,First Pass,Primary Assembly
Line:380,1,1,NW_022145613,NW_003577532.1,1,1,36643666,36643666,+,36643666,36643666,132888,132888,+,1,First Pass,Primary Assembly
Line:381,1,1,NW_022145613,NW_003578178.1,1,1,37897090,37897090,+,37897090,37897090,32713,32713,-,1,First Pass,Primary Assembly
Line:382,1,1,NW_022145613,NW_003579460.1,1,1,39283135,39283135,+,39283135,39283135,58394,58394,-,1,First Pass,Primary Assembly
Line:383,1,1,NW_022145614,NW_003577031.1,1,1,3161434,3161434,+,3161434,3161434,720061,720061,+,1,First Pass,Primary Assembly
Line:384,1,1,NW_022145614,NW_003578832.1,1,1,5240185,5240185,+,5240185,5240185,68815,68815,+,1,First Pass,Primary Assembly
Line:385,1,1,NW_022145614,NW_003577649.1,1,1,6125933,6125933,+,6125933,6125933,439455,439455,+,1,First Pass,Primary Assembly
Line:386,1,1,NW_022145614,NW_003577370.1,1,1,8280439,8280439,+,8280439,8280439,306900,306900,+,1,First Pass,Primary Assembly
Line:387,1,1,NW_022145614,NW_003601274.1,1,1,9694775,9694775,+,9694775,9694775,283,283,+,1,Second Pass,Primary Assembly
Line:387,1,2,NW_022145614,NW_003578806.1,1,1,9694775,9694775,+,9694775,9694775,14003,14003,+,1,First Pass,Primary Assembly
Line:388,1,NULL,NW_022145614,NULL,1,NULL,10070442,10070442,+,NOMAP,ALIGNGAP,,,,,,
Line:389,1,1,NW_022145614,NW_003577241.1,1,1,10753431,10753431,+,10753431,10753431,247842,247842,-,1,First Pass,Primary Assembly
Line:390,1,1,NW_022145614,NW_003577241.1,1,1,10760497,10760497,+,10760497,10760497,240290,240290,-,1,First Pass,Primary Assembly
Line:391,1,1,NW_022145614,NW_003577115.1,1,1,19520857,19520857,+,19520857,19520857,464169,464169,-,1,First Pass,Primary Assembly
Line:392,1,1,NW_022145614,NW_003577076.1,1,1,20183462,20183462,+,20183462,20183462,690984,690984,+,1,First Pass,Primary Assembly
Line:393,1,1,NW_022145614,NW_003577092.1,1,1,21867478,21867478,+,21867478,21867478,595819,595819,-,1,First Pass,Primary Assembly
Line:394,1,1,NW_022145614,NW_003577092.1,1,1,21867675,21867675,+,21867675,21867675,595622,595622,-,1,First Pass,Primary Assembly
Line:395,1,1,NW_022145614,NW_003577056.1,1,1,22440481,22440481,+,22440481,22440481,1210033,1210033,-,1,First Pass,Primary Assembly
Line:396,1,1,NW_022145614,NW_003578569.1,1,1,24521343,24521343,+,24521343,24521343,154769,154769,-,1,First Pass,Primary Assembly
Line:397,1,1,NW_022145614,NW_003579419.1,1,1,26454739,26454739,+,26454739,26454739,36843,36843,+,1,First Pass,Primary Assembly
Line:398,1,NULL,NW_022145614,NULL,1,NULL,27839077,27839077,+,NOMAP,ALIGNGAP,,,,,,
Line:399,1,NULL,NW_022145614,NULL,1,NULL,27839565,27839565,+,NOMAP,ALIGNGAP,,,,,,
Line:400,1,NULL,NW_022145614,NULL,1,NULL,28138404,28138404,+,NOMAP,ALIGNGAP,,,,,,
Line:401,1,1,NW_022145615,NW_003578593.1,1,1,8042261,8042261,+,8042261,8042261,36861,36861,-,1,Second Pass,Primary Assembly
Line:402,1,1,NW_022145615,NW_003579068.1,1,1,9504094,9504094,+,9504094,9504094,88521,88521,-,1,First Pass,Primary Assembly
Line:403,1,1,NW_022145615,NW_003577333.1,1,1,13643702,13643702,+,13643702,13643702,397022,397022,-,1,First Pass,Primary Assembly
Line:404,1,1,NW_022145615,NW_003577047.1,1,1,16473602,16473602,+,16473602,16473602,643385,643385,+,1,First Pass,Primary Assembly
Line:405,1,1,NW_022145615,NW_003577047.1,1,1,16487695,16487695,+,16487695,16487695,657324,657324,+,1,First Pass,Primary Assembly
Line:406,1,1,NW_022145615,NW_003577047.1,1,1,16550919,16550919,+,16550919,16550919,711218,711218,+,1,First Pass,Primary Assembly
Line:407,1,1,NW_022145615,NW_003577047.1,1,1,16575625,16575625,+,16575625,16575625,734719,734719,+,1,First Pass,Primary Assembly
Line:408,1,1,NW_022145615,NW_003576967.1,1,1,16850968,16850968,+,16850968,16850968,212808,212808,+,1,Second Pass,Primary Assembly
Line:409,1,1,NW_022145615,NW_003577610.1,1,1,16967379,16967379,+,16967379,16967379,152445,152445,+,1,First Pass,Primary Assembly
Line:410,1,1,NW_022145615,NW_003577009.1,1,1,18804871,18804871,+,18804871,18804871,441403,441403,+,1,First Pass,Primary Assembly
Line:411,1,1,NW_022145615,NW_003577029.1,1,1,21779117,21779117,+,21779117,21779117,181776,181776,+,1,First Pass,Primary Assembly
Line:412,1,1,NW_022145615,NW_003577365.1,1,1,23319878,23319878,+,23319878,23319878,33949,33949,-,1,First Pass,Primary Assembly
Line:413,1,1,NW_022145615,NW_003577287.1,1,1,31696020,31696020,+,31696020,31696020,709095,709095,+,1,First Pass,Primary Assembly
Line:414,1,1,NW_022145615,NW_003577287.1,1,1,31696033,31696033,+,31696033,31696033,709108,709108,+,1,First Pass,Primary Assembly